{
  "configurations": [
    {
      "name": "x64-Release",
      "generator": "Ninja",
      "configurationType": "RelWithDebInfo",
      "buildRoot": "${projectDir}\\out\\build\\${name}",
      "installRoot": "${projectDir}\\out\\install\\${name}",
      "cmakeCommandArgs": "-C ${projectDir}\\cmake\\caches\\PredefinedParams.cmake -DLLVM_ENABLE_ASSERTIONS=On -DLLVM_LIT_ARGS=\"-v\"",
      "buildCommandArgs": "-v",
      "ctestCommandArgs": "",
      "inheritEnvironments": [ "msvc_x64_x64" ]
    },
    {
      "name": "x64-Debug",
      "generator": "Ninja",
      "configurationType": "Debug",
      "buildRoot": "${projectDir}\\out\\build\\${name}",
      "installRoot": "${projectDir}\\out\\install\\${name}",
      "cmakeCommandArgs": "-C ${projectDir}\\cmake\\caches\\PredefinedParams.cmake -DLLVM_ENABLE_ASSERTIONS=On -DLLVM_LIT_ARGS=\"-v\"",
      "buildCommandArgs": "-v",
      "ctestCommandArgs": "",
      "inheritEnvironments": [ "msvc_x64_x64" ]
    },
    {
      "name": "x64-clang-cl-Release",
      "generator": "Ninja",
      "configurationType": "RelWithDebInfo",
      "buildRoot": "${projectDir}\\out\\build\\${name}",
      "installRoot": "${projectDir}\\out\\install\\${name}",
      "cmakeCommandArgs": "-C ${projectDir}\\cmake\\caches\\PredefinedParams.cmake -DLLVM_ENABLE_ASSERTIONS=On -DLLVM_LIT_ARGS=\"-v\"",
      "buildCommandArgs": "-v",
      "ctestCommandArgs": "",
      "inheritEnvironments": [ "clang_cl_x64_x64" ]
    },
    {
      "name": "x64-clang-cl-Debug",
      "generator": "Ninja",
      "configurationType": "Debug",
      "buildRoot": "${projectDir}\\out\\build\\${name}",
      "installRoot": "${projectDir}\\out\\install\\${name}",
      "cmakeCommandArgs": "-C ${projectDir}\\cmake\\caches\\PredefinedParams.cmake -DLLVM_ENABLE_ASSERTIONS=On -DLLVM_LIT_ARGS=\"-v\"",
      "buildCommandArgs": "-v",
      "ctestCommandArgs": "",
      "inheritEnvironments": [ "clang_cl_x64_x64" ]
    },
    {
      "name": "x86-Release",
      "generator": "Ninja",
      "configurationType": "RelWithDebInfo",
      "buildRoot": "${projectDir}\\out\\build\\${name}",
      "installRoot": "${projectDir}\\out\\install\\${name}",
      "cmakeCommandArgs": "-C ${projectDir}\\cmake\\caches\\PredefinedParams.cmake -DLLVM_ENABLE_ASSERTIONS=On -DLLVM_LIT_ARGS=\"-v\"",
      "buildCommandArgs": "-v",
      "ctestCommandArgs": "",
      "inheritEnvironments": [ "msvc_x86_x64" ]
    },
    {
      "name": "x86-Debug",
      "generator": "Ninja",
      "configurationType": "Debug",
      "buildRoot": "${projectDir}\\out\\build\\${name}",
      "installRoot": "${projectDir}\\out\\install\\${name}",
      "cmakeCommandArgs": "-C ${projectDir}\\cmake\\caches\\PredefinedParams.cmake -DLLVM_ENABLE_ASSERTIONS=On -DLLVM_LIT_ARGS=\"-v\"",
      "buildCommandArgs": "-v",
      "ctestCommandArgs": "",
      "inheritEnvironments": [ "msvc_x86_x64" ]
    }
  ]
}
